,,,"LOC",,,,,,,,,"I","S","D","ACCIDENT",,"COMMON","P","ENVIR",,,"R","R","T","NO","P","D","V","S","PERSN",,"O L","O L","O L","O L","OA","M","SD","Total Accidents","PDO","Injury","Fatal"
,,"U","POST","H","A","M","B",,,"RI","F","R","O","A","DATE","TIME","ACCIDENT","C","COND",,,"C","W","O","MTR","T","I","H","I","K","I","S O","S O","S O","S O","F","O","P",,,,
"DIST","RTES","CO","MILE","G","C","T","A","LT","RT","UO","T","L","H","Y","MO DA YR","HHMM","NUMBER","F","W","L","S",,"C","C","VEH",,"R","I",,,,"P C","O C","O C","O C",12,"V",12,,,,
10,5,"SJ","R012.920"," div. hwy ","F","J","Z",5,3,"RO","H"," n/a ","N",2,8/26/1996,1145,926606353," unk ","clear","day","dry","normal","D"," sideswipe ",2," semi w/ 2 trailers ","N"," on sr "," unk ",0,0,"V2 int. lanes "," n/a  n/a "," n/a  n/a "," n/a  n/a "," none  unk "," change lanes ","A unk ",1,,1,
10,5,"SJ","R012.920"," div. hwy ","F","J","Z",5,3,"RO","H"," n/a ","N",2,8/26/1996,1145,926606353," unk ","clear","day","dry","normal","D"," sideswipe ",2," car ","N"," on sr "," unk ",0,3,"V1 int. lanes "," dike or curb  beyond shoulder drivers right "," over embankment  beyond shoulder drivers right "," rollover  beyond shoulder drivers right "," none  unk "," change lanes ","A unk ",,,,
10,5,"SJ","R013.060"," div. hwy ","F","Q","G",5,3,"RO","H"," n/a ","N",5,5/16/1996,45,926611323," other. viol. ","rain","dark","wet","normal","D"," roll-over ",1," pickup ","N"," on sr "," unk ",0,1," rollover  beyond shoulder drivers right "," over embankment  beyond shoulder drivers right "," n/a  n/a "," n/a  n/a "," speeding  unk "," off road ","A unk ",1,,1,
10,5,"SJ","R013.290"," div. hwy ","F","J","Z",5,4,"RO","H"," n/a ","N",6,5/10/1996,750,926612476," other. viol. ","clear","day","dry","normal","D"," sideswipe ",2," car ","N"," on sr "," unk ",0,0,"V2 right lane "," n/a  n/a "," n/a  n/a "," n/a  n/a "," none  unk "," straight ","A unk ",1,1,,
10,5,"SJ","R013.290"," div. hwy ","F","J","Z",5,4,"RO","H"," n/a ","N",6,5/10/1996,750,926612476," other. viol. ","clear","day","dry","normal","D"," sideswipe ",2," semi w/ trailer ","N"," on sr "," unk ",0,0,"V1 int. lanes "," n/a  n/a "," n/a  n/a "," n/a  n/a "," none  unk "," straight ","A unk ",,,,
10,5,"SJ","R013.410"," div. hwy ","F","J","Z",5,5,"RO","H"," n/a ","N",4,5/8/1996,1945,926611949," speeding ","clear","day","dry","normal","D"," sideswipe ",2," car ","N"," on sr "," unk ",0,0,"V2 int. lanes "," n/a  n/a "," n/a  n/a "," n/a  n/a "," none  unk "," straight ","A unk ",1,1,,
10,5,"SJ","R013.410"," div. hwy ","F","J","Z",5,5,"RO","H"," n/a ","N",4,5/8/1996,1945,926611949," speeding ","clear","day","dry","normal","D"," sideswipe ",2," car ","N"," on sr "," unk ",0,0,"V1 int. lanes "," n/a  n/a "," n/a  n/a "," n/a  n/a "," oth. viol.  unk "," straight ","A unk ",,,,
10,5,"SJ","R013.480"," div. hwy ","F","J","Z",5,5,"RO","H"," n/a ","N",4,9/18/1996,1100,926608693," other. viol. ","clear","day","dry","normal","D"," sideswipe ",2," car ","N"," on sr "," unk ",0,0,"V2 int. lanes "," n/a  n/a "," n/a  n/a "," n/a  n/a "," inattention  unk "," change lanes ","A unk ",1,1,,
10,5,"SJ","R013.480"," div. hwy ","F","J","Z",5,5,"RO","H"," n/a ","N",4,9/18/1996,1100,926608693," other. viol. ","clear","day","dry","normal","D"," sideswipe ",2," pickup ","N"," on sr "," unk ",0,0,"V1 left lane "," n/a  n/a "," n/a  n/a "," n/a  n/a "," none  unk "," straight ","A unk ",,,,
10,5,"SJ","R013.490"," div. hwy ","F","J","Z",5,5,"RO","H"," n/a ","N",4,2/21/1996,730,926609104," dui ","rain","day","wet","normal","D"," hit object ",1," car ","N"," on sr "," unk ",0,0," call box  beyond shoulder drivers right "," rollover  beyond shoulder drivers right "," n/a  n/a "," n/a  n/a "," speeding  unk "," off road ","D unk ",1,1,,
10,5,"SJ","R013.590"," div. hwy ","F","J","Z",5,5,"RO","H"," n/a ","N",6,7/5/1996,735,926606353," other. viol. ","clear","day","dry","normal","D"," sideswipe ",3," car ","E"," on sr "," unk ",0,1,"V2 int. lanes ","V3 other "," n/a  n/a "," n/a  n/a "," none  unk "," straight ","A unk ",1,,1,
10,5,"SJ","R013.590"," div. hwy ","F","J","Z",5,5,"RO","H"," n/a ","N",6,7/5/1996,735,926606353," other. viol. ","clear","day","dry","normal","D"," sideswipe ",3," semi w/ trailer ","E"," on sr "," unk ",0,0,"V1 right lane "," n/a  n/a "," n/a  n/a "," n/a  n/a "," none  unk "," straight ","A unk ",,,,
10,5,"SJ","R013.590"," div. hwy ","F","J","Z",5,5,"RO","H"," n/a ","N",6,7/5/1996,735,926606353," other. viol. ","clear","day","dry","normal","D"," sideswipe ",3," semi w/ 2 trailers ","E"," on sr "," unk ",0,0," n/a  n/a ","V1 int. lanes "," n/a  n/a "," n/a  n/a "," none  unk "," straight ","A unk ",,,,
10,5,"SJ","R013.770"," div. hwy ","F","J","Z",5,5,"RO","H"," n/a ","N",2,7/8/1996,1700,926611323," speeding ","clear","day","dry","normal","D"," sideswipe ",3," car ","N"," on sr "," unk ",0,2,"V2 right lane ","V3 right shoulder "," n/a  n/a "," n/a  n/a "," oth. viol.  unk "," straight ","A unk ",1,,1,
10,5,"SJ","R013.770"," div. hwy ","F","J","Z",5,5,"RO","H"," n/a ","N",2,7/8/1996,1700,926611323," speeding ","clear","day","dry","normal","D"," sideswipe ",3," car ","N"," on sr "," unk ",0,0,"V1 right lane "," n/a  n/a "," n/a  n/a "," n/a  n/a "," none  unk "," straight ","A unk ",,,,
10,5,"SJ","R013.770"," div. hwy ","F","J","Z",5,5,"RO","H"," n/a ","N",2,7/8/1996,1700,926611323," speeding ","clear","day","dry","normal","D"," sideswipe ",3," pickup ","N"," on sr "," unk ",0,0," n/a  n/a ","V1 right shoulder "," n/a  n/a "," n/a  n/a "," none  unk "," parked "," unk ",,,,
10,5,"SJ","R013.860"," div. hwy ","F","J","Z",5,5,"RO","H"," n/a ","N",3,10/29/1996,545,926612700," other. viol. ","rain","dark w/lights ","wet","normal","D"," rear-end ",2," semi w/ trailer ","N"," on sr "," unk ",0,0,"V2 right lane "," n/a  n/a "," n/a  n/a "," n/a  n/a "," none  unk "," straight ","A unk ",1,1,,
10,5,"SJ","R013.860"," div. hwy ","F","J","Z",5,5,"RO","H"," n/a ","N",3,10/29/1996,545,926612700," other. viol. ","rain","dark w/lights ","wet","normal","D"," rear-end ",2," semi w/ trailer ","N"," on sr "," unk ",0,0,"V1 right lane "," n/a  n/a "," n/a  n/a "," n/a  n/a "," none  unk "," change lanes ","A unk ",,,,
10,5,"SJ","R013.940"," div. hwy ","F","J","Z",5,5,"RO","H"," n/a ","N",4,6/26/1996,1735,926611323," other than driver ","cloudy","day","dry","normal","D"," hit object ",1," pickup ","N"," on sr "," unk ",0,0," oth. obj on rd  right lane "," n/a  n/a "," n/a  n/a "," n/a  n/a "," none  unk "," straight ","A unk ",1,1,,
10,5,"SJ","R014.020"," div. hwy ","F","J","Z",5,4,"RO","H"," n/a ","N",2,9/2/1996,315,926612256," imp. turn ","clear","dark w/lights ","dry","normal","D"," hit object ",1," car ","N"," on sr "," unk ",0,0," traffic sign/signpost  beyond shoulder drivers right "," over embankment  beyond shoulder drivers right "," dike or curb  beyond shoulder drivers right "," rollover  beyond shoulder drivers right "," none  unk "," off road ","AI",1,1,,
10,5,"SJ","R014.060"," div. hwy ","F","J","Z",5,4,"RO","H"," n/a ","N",3,1/16/1996,810,926608693," speeding ","rain","day","wet","normal","D"," rear-end ",2," pickup ","N"," on sr "," unk ",0,0,"V2 left lane "," n/a  n/a "," n/a  n/a "," n/a  n/a "," speeding  unk "," straight ","A unk ",1,1,,
10,5,"SJ","R014.060"," div. hwy ","F","J","Z",5,4,"RO","H"," n/a ","N",3,1/16/1996,810,926608693," speeding ","rain","day","wet","normal","D"," rear-end ",2," car ","N"," on sr "," unk ",0,0,"V1 left lane "," n/a  n/a "," n/a  n/a "," n/a  n/a "," speeding  unk "," straight ","A unk ",,,,
10,5,"SJ","R014.260"," div. hwy ","F","J","Z",5,4,"RO","H"," n/a ","N",3,2/20/1996,710,926608693," speeding ","rain","day","wet"," obstr. in rd. ","A"," rear-end ",2," pickup ","N"," on sr "," unk ",0,0,"V2 int. lanes "," n/a  n/a "," n/a  n/a "," n/a  n/a "," stop & go traffic  unk "," straight ","A unk ",1,1,,
10,5,"SJ","R014.260"," div. hwy ","F","J","Z",5,4,"RO","H"," n/a ","N",3,2/20/1996,710,926608693," speeding ","rain","day","wet"," obstr. in rd. ","A"," rear-end ",2," pickup ","N"," on sr "," unk ",0,0,"V1 int. lanes "," n/a  n/a "," n/a  n/a "," n/a  n/a "," stop & go traffic  unk "," slowing, stopping ","A unk ",,,,
10,5,"SJ","R014.400"," div. hwy ","F","J","Z",4,4,"RO","H"," n/a ","N",7,2/17/1996,1750,926612590," dui ","cloudy","dark w/lights ","dry","normal","D"," hit object ",1," car ","N"," on sr "," unk ",0,1," over embankment  beyond shoulder drivers right "," rollover  beyond shoulder drivers right "," n/a  n/a "," n/a  n/a "," speeding  unk "," change lanes ","B unk ",1,,1,
10,5,"SJ","R014.410"," div. hwy ","F","J","Z",4,4,"RO","H"," n/a ","N",3,2/20/1996,650,926509361," speeding ","rain","dusk/dawn","wet","normal","D"," hit object ",2," emerg. veh. ","N"," on sr "," unk ",0,0," n/a  n/a ","V2 left lane "," n/a  n/a "," n/a  n/a "," none  unk "," stopoped "," unk ",1,1,,
10,5,"SJ","R014.410"," div. hwy ","F","J","Z",4,4,"RO","H"," n/a ","N",3,2/20/1996,650,926509361," speeding ","rain","dusk/dawn","wet","normal","D"," hit object ",2," car ","N"," on sr "," unk ",0,0," side of bridge beyond shoulder drivers left ","V1 left lane "," n/a  n/a "," n/a  n/a "," inattention  unk "," straight ","A unk ",,,,
,,,,,,,,,,,,,,,,,,,,,,,,,,,,,,,,,,,,,,"s of 120",15,10,5,0
10,5,"SJ","R014.420"," div. hwy ","F","J","Z",4,4,"RO","H"," n/a ","N",3,2/20/1996,720,926509361," speeding ","rain","day","wet","normal","D"," rear-end ",2," emerg. veh. ","N"," on sr "," unk ",0,0,"V2 left lane "," n/a  n/a "," n/a  n/a "," n/a  n/a "," none  unk "," stopoped "," unk ",1,1,,
10,5,"SJ","R014.420"," div. hwy ","F","J","Z",4,4,"RO","H"," n/a ","N",3,2/20/1996,720,926509361," speeding ","rain","day","wet","normal","D"," rear-end ",2," car ","N"," on sr "," unk ",0,0,"V1 left lane "," n/a  n/a "," n/a  n/a "," n/a  n/a "," inattention  unk "," straight ","A unk ",,,,
10,5,"SJ","R014.440"," div. hwy ","F","J","Z",4,4,"RO","H"," n/a ","N",7,8/3/1996,1500,926608693," other. viol. ","clear","day","dry","normal","D"," sideswipe ",2," semi w/ trailer ","N"," on sr "," unk ",0,0,"V2 int. lanes "," n/a  n/a "," n/a  n/a "," n/a  n/a "," none  unk "," change lanes ","A unk ",1,1,,
10,5,"SJ","R014.440"," div. hwy ","F","J","Z",4,4,"RO","H"," n/a ","N",7,8/3/1996,1500,926608693," other. viol. ","clear","day","dry","normal","D"," sideswipe ",2," car ","N"," on sr "," unk ",0,0,"V1 right lane "," n/a  n/a "," n/a  n/a "," n/a  n/a "," none  unk "," straight ","A unk ",,,,
10,5,"SJ","R014.460"," div. hwy ","F","J","Z",4,4,"RO","H"," n/a ","N",2,7/1/1996,2115,926512056," other than driver ","clear","dark w/lights ","dry","normal","D"," hit object ",1," car ","N"," on sr "," unk ",0,0," oth. obj on rd  int. lanes "," n/a  n/a "," n/a  n/a "," n/a  n/a "," none  unk "," straight ","A unk ",1,1,,
10,5,"SJ","R014.580"," div. hwy ","F","Q","G",3,4,"RO","H"," n/a ","N",1,1/21/1996,18,926512578," speeding ","rain","dark w/lights ","wet","normal","A"," head-on ",2," car ","N"," on sr "," unk ",0,0,"V2 left lane "," n/a  n/a "," n/a  n/a "," n/a  n/a "," prev. collision  unk "," straight ","A unk ",1,1,,
10,5,"SJ","R014.580"," div. hwy ","F","Q","G",3,4,"RO","H"," n/a ","N",1,1/21/1996,18,926512578," speeding ","rain","dark w/lights ","wet","normal","A"," head-on ",2," car ","S"," on sr "," unk ",0,0,"V1 left lane "," n/a  n/a "," n/a  n/a "," n/a  n/a "," unk "," stopoped "," unk ",,,,
10,5,"SJ","R014.600"," div. hwy ","F","Q","G",3,3,"RO","H"," n/a ","N",4,2/21/1996,630,926509361," speeding ","rain","dark","wet","normal","D"," sideswipe ",2," car ","N"," on sr "," unk ",0,0,"V2 int. lanes "," n/a  n/a "," n/a  n/a "," n/a  n/a "," inattention  unk "," straight ","A unk ",1,1,,
10,5,"SJ","R014.600"," div. hwy ","F","Q","G",3,3,"RO","H"," n/a ","N",4,2/21/1996,630,926509361," speeding ","rain","dark","wet","normal","D"," sideswipe ",2," car ","N"," on sr "," unk ",0,0,"V1 int. lanes "," n/a  n/a "," n/a  n/a "," n/a  n/a "," none  unk "," straight ","A unk ",,,,
10,5,"SJ","R014.630"," div. hwy ","F","J","N",3,3,"RO","H"," n/a ","N",2,2/19/1996,1345,926513338," speeding ","rain","day","wet","normal","D"," other ",1," semi w/ 2 trailers ","N"," on sr "," unk ",0,0," no obj. involved  right lane "," rollover  right lane "," n/a  n/a "," n/a  n/a "," none  unk "," straight ","A unk ",1,1,,
10,5,"SJ","R014.680"," div. hwy ","F","J","N",3,3,"RO","H"," n/a ","N",6,6/7/1996,1920,926505841," imp. turn ","clear","day","dry","normal","A"," sideswipe ",3," pickup ","N"," on sr "," unk ",0,0,"V3 int. lanes "," guardrail  beyond shoulder drivers right ","V2 left lane "," n/a  n/a "," inattention  unk "," unsafe turn ","A unk ",1,1,,
10,5,"SJ","R014.680"," div. hwy ","F","J","N",3,3,"RO","H"," n/a ","N",6,6/7/1996,1920,926505841," imp. turn ","clear","day","dry","normal","A"," sideswipe ",3," car ","N"," on sr "," unk ",0,0," n/a  n/a ","V1 left lane "," n/a  n/a "," n/a  n/a "," none  unk "," straight ","A unk ",,,,
10,5,"SJ","R014.680"," div. hwy ","F","J","N",3,3,"RO","H"," n/a ","N",6,6/7/1996,1920,926505841," imp. turn ","clear","day","dry","normal","A"," sideswipe ",3," semi w/ trailer ","N"," on sr "," unk ",0,0,"V1 right lane "," n/a  n/a "," n/a  n/a "," n/a  n/a "," none  unk "," straight ","A unk ",,,,
10,5,"SJ","R014.710"," div. hwy ","F","J","N",3,3,"RO","H"," n/a ","N",5,4/11/1996,1530,926513385," other. viol. ","clear","day","dry","normal","D"," sideswipe ",2," car ","N"," on sr "," unk ",0,0,"V2 right lane "," n/a  n/a "," n/a  n/a "," n/a  n/a "," none  unk "," straight ","A unk ",1,1,,
10,5,"SJ","R014.710"," div. hwy ","F","J","N",3,3,"RO","H"," n/a ","N",5,4/11/1996,1530,926513385," other. viol. ","clear","day","dry","normal","D"," sideswipe ",2," car ","N"," on sr "," unk ",0,0,"V1 int. lanes "," n/a  n/a "," n/a  n/a "," n/a  n/a "," none  unk "," change lanes ","G unk ",,,,
10,5,"SJ","R014.920"," div. hwy ","F","J","N",3,3,"UI","H"," n/a ","N",1,1/21/1996,15,926512578," speeding ","rain","dark w/lights ","wet","normal","A"," hit object ",1," car ","N"," on sr "," unk ",0,0," side of bridge beyond shoulder drivers left "," n/a  n/a "," n/a  n/a "," n/a  n/a "," none  unk "," left turn ","A unk ",1,1,,
10,5,"SJ","R014.930"," div. hwy ","F","J","N",3,3,"UI","H"," n/a ","N",3,3/12/1996,220,926513385," speeding ","cloudy","dark","wet","normal","D"," hit object ",1," car ","N"," on sr "," unk ",0,0," median barriar beyond shoulder drivers left "," n/a  n/a "," n/a  n/a "," n/a  n/a "," none  unk "," off road ","A unk ",1,1,,
10,5,"SJ","R015.037"," div. hwy ","F","J","N",3,3,"UI","R",2,"N",5,2/15/1996,2145,926508175," imp. turn ","cloudy","dark","dry","normal","D"," hit object ",1," pickup ","W"," on sr "," unk ",0,0," side of bridge beyond shoulder drivers left "," side of bridge  beyond shoulder drivers right "," end of bridge beyond shoulder drivers left "," n/a  n/a "," none  unk "," off road ","A unk ",1,1,,
10,5,"SJ","R015.037"," div. hwy ","F","J","N",3,3,"UI","R",2,"N",3,10/29/1996,1315,926509836," speeding ","cloudy","day","wet","normal","D"," hit object ",1," car ","W"," on sr "," unk ",0,0," guardrail beyond shoulder drivers left "," n/a  n/a "," n/a  n/a "," n/a  n/a "," imp. turn  unk "," off road ","A unk ",1,1,,
10,5,"SJ","R015.410"," div. hwy ","F","J","N",3,3,"UI","H"," n/a ","N",1,3/17/1996,900,926513508," other. viol. ","clear","day","dry","normal","D"," sideswipe ",2," pickup ","N"," on sr "," unk ",0,0,"V2 int. lanes "," n/a  n/a "," n/a  n/a "," n/a  n/a "," none  unk "," straight ","A unk ",1,1,,
10,5,"SJ","R015.410"," div. hwy ","F","J","N",3,3,"UI","H"," n/a ","N",1,3/17/1996,900,926513508," other. viol. ","clear","day","dry","normal","D"," sideswipe ",2," car ","N"," on sr "," unk ",0,0,"V1 left lane "," n/a  n/a "," n/a  n/a "," n/a  n/a "," none  unk "," change lanes ","G unk ",,,,
10,5,"SJ","R015.460"," div. hwy ","F","J","N",3,3,"UI","H"," n/a ","N",7,9/28/1996,2129,926513205," sleeping ","clear","dark","dry","normal","D"," hit object ",1," car ","N"," on sr "," unk ",0,1," dike or curb  beyond shoulder drivers right "," rollover  beyond shoulder drivers right "," over embankment  beyond shoulder drivers right "," n/a  n/a "," imp. turn  unk "," straight "," unk I",1,,1,
10,5,"SJ","R015.490"," div. hwy ","F","J","N",3,3,"UI","H"," n/a ","N",1,1/21/1996,20,926506807," imp. turn ","rain","dark","wet","normal","D"," hit object ",1," car ","N"," on sr "," unk ",0,0," dike or curb  beyond shoulder drivers right "," rollover  right shoulder "," n/a  n/a "," n/a  n/a "," none  unk "," off road ","A unk ",1,1,,
10,5,"SJ","R015.490"," div. hwy ","F","J","N",3,3,"UI","H"," n/a ","N",2,5/13/1996,1,926512666," other than driver ","clear","dark","dry","normal","D"," roll-over ",1," pickup ","N"," on sr "," unk ",0,0," rollover  beyond shoulder drivers right "," n/a  n/a "," n/a  n/a "," n/a  n/a "," none  unk "," off road ","A unk ",1,1,,
10,5,"SJ","R015.970"," div. hwy ","F","J","N",3,3,"UI","H"," n/a ","N",3,10/29/1996,220,926513258," speeding ","cloudy","dark","wet","normal","D"," hit object ",1," car ","N"," on sr "," unk ",0,0," over embankment  beyond shoulder drivers right "," n/a  n/a "," n/a  n/a "," n/a  n/a "," none  unk "," off road ","AI",1,1,,
10,5,"SJ","R016.170"," div. hwy ","F","J","N",3,3,"UI","H"," n/a ","N",2,4/15/1996,1100,926505271," other. viol. ","cloudy","day","dry","normal","D"," other ",2," car ","N"," on sr "," unk ",0,0,"V3 int. lanes "," n/a  n/a "," n/a  n/a "," n/a  n/a "," none  unk "," straight ","A unk ",1,1,,
10,5,"SJ","R016.170"," div. hwy ","F","J","N",3,3,"UI","H"," n/a ","N",2,4/15/1996,1100,926505271," other. viol. ","cloudy","day","dry","normal","D"," other ",2," semi w/ trailer ","N"," on sr "," unk ",0,0," n/a  n/a "," n/a  n/a "," n/a  n/a "," n/a  n/a "," none  unk "," straight ","G unk ",,,,
10,5,"SJ","R016.170"," div. hwy ","F","J","N",3,3,"UI","H"," n/a ","N",2,4/15/1996,1100,926505271," other. viol. ","cloudy","day","dry","normal","D"," other ",2," spilled load "," unk "," on sr "," unk ",0,0,"V1 int. lanes "," n/a  n/a "," n/a  n/a "," n/a  n/a "," unk "," other "," unk ",,,,
10,5,"SJ","R016.262"," div. hwy ","F","J","N",3,3,"UI","R",1,"N",5,8/22/1996,1515,926505841," other. viol. ","clear","day","dry","normal","A"," sideswipe ",2," pickup w/trailer ","N"," on sr "," unk ",0,0,"V2 right lane "," n/a  n/a "," n/a  n/a "," n/a  n/a "," none  unk "," stopoped ","A unk ",1,1,,
10,5,"SJ","R016.262"," div. hwy ","F","J","N",3,3,"UI","R",1,"N",5,8/22/1996,1515,926505841," other. viol. ","clear","day","dry","normal","A"," sideswipe ",2," car ","N"," on sr "," unk ",0,0,"V1 left lane "," n/a  n/a "," n/a  n/a "," n/a  n/a "," inattention  unk "," straight ","A unk ",,,,
10,5,"SJ","R016.270"," div. hwy ","F","J","N",3,3,"UI","H"," n/a ","N",5,8/22/1996,1320,926513647," other. viol. ","clear","day","dry","normal","D"," sideswipe ",2," semi w/ trailer ","N"," on sr "," unk ",0,0,"V2 right lane "," n/a  n/a "," n/a  n/a "," n/a  n/a "," none  unk "," change lanes ","G unk ",1,1,,
10,5,"SJ","R016.270"," div. hwy ","F","J","N",3,3,"UI","H"," n/a ","N",5,8/22/1996,1320,926513647," other. viol. ","clear","day","dry","normal","D"," sideswipe ",2," car ","N"," on sr "," unk ",0,0,"V1 int. lanes "," n/a  n/a "," n/a  n/a "," n/a  n/a "," none  unk "," straight ","A unk ",,,,
10,5,"SJ","R016.450"," div. hwy ","F","J","N",3,3,"UI","H"," n/a ","N",5,10/31/1996,1825,926514199," speeding ","clear","dark","dry","normal","D"," hit object ",1," pickup ","N"," on sr "," unk ",0,0," oth. obj on rd  right lane "," n/a  n/a "," n/a  n/a "," n/a  n/a "," none  unk "," straight ","A unk ",1,1,,
10,5,"SJ","R016.580"," div. hwy ","F","K","Z",3,3,"UI","H"," n/a ","N",3,10/1/1996,1520,926505841," other. viol. ","clear","day","dry","normal","D"," other ",2," car ","N"," on sr "," unk ",0,0,"V3 right lane "," n/a  n/a "," n/a  n/a "," n/a  n/a "," none  unk "," straight ","A unk ",1,1,,
10,5,"SJ","R016.580"," div. hwy ","F","K","Z",3,3,"UI","H"," n/a ","N",3,10/1/1996,1520,926505841," other. viol. ","clear","day","dry","normal","D"," other ",2," semi w/ trailer ","N"," on sr "," unk ",0,0," n/a  n/a "," n/a  n/a "," n/a  n/a "," n/a  n/a "," inattention  unk "," straight ","A unk ",,,,
10,5,"SJ","R016.580"," div. hwy ","F","K","Z",3,3,"UI","H"," n/a ","N",3,10/1/1996,1520,926505841," other. viol. ","clear","day","dry","normal","D"," other ",2," spilled load "," unk "," on sr "," unk ",0,0,"V1 right lane "," n/a  n/a "," n/a  n/a "," n/a  n/a "," unk "," other "," unk ",,,,
10,5,"SJ","R016.900"," div. hwy ","F","K","Z",3,3,"UI","H"," n/a ","N",5,7/18/1996,1330,926505841," other. viol. ","clear","day","dry","normal","D"," other ",3," car ","N"," on sr "," unk ",0,1,"V4 left lane "," n/a  n/a "," n/a  n/a "," n/a  n/a "," none  unk "," straight ","A unk ",1,,1,
10,5,"SJ","R016.900"," div. hwy ","F","K","Z",3,3,"UI","H"," n/a ","N",5,7/18/1996,1330,926505841," other. viol. ","clear","day","dry","normal","D"," other ",3," car ","N"," on sr "," unk ",0,1," n/a  n/a ","V4 right lane "," n/a  n/a "," n/a  n/a "," none  unk "," straight ","A unk ",,,,
10,5,"SJ","R016.900"," div. hwy ","F","K","Z",3,3,"UI","H"," n/a ","N",5,7/18/1996,1330,926505841," other. viol. ","clear","day","dry","normal","D"," other ",3," semi ","N"," on sr "," unk ",0,0," n/a  n/a "," n/a  n/a "," n/a  n/a "," n/a  n/a "," inattention  unk "," straight ","G unk ",,,,
10,5,"SJ","R016.900"," div. hwy ","F","K","Z",3,3,"UI","H"," n/a ","N",5,7/18/1996,1330,926505841," other. viol. ","clear","day","dry","normal","D"," other ",3," spilled load "," unk "," on sr "," unk ",0,0,"V1 left lane ","V2 right lane "," n/a  n/a "," n/a  n/a "," unk "," other "," unk ",,,,
10,5,"SJ","R017.285"," div. hwy ","F","K","Z",3,3,"UI","R",4,"N",6,5/10/1996,705,390006303," no yield ","clear","day","dry","normal","A"," t-bone ",2," pickup ","N"," not on sr "," unk ",0,0,"V2 right lane "," n/a  n/a "," n/a  n/a "," n/a  n/a "," none  unk "," merge from shoulder ","A unk ",1,1,,
10,5,"SJ","R017.285"," div. hwy ","F","K","Z",3,3,"UI","R",4,"N",6,5/10/1996,705,390006303," no yield ","clear","day","dry","normal","A"," t-bone ",2," car ","E"," not on sr "," unk ",0,0,"V1 right lane "," n/a  n/a "," n/a  n/a "," n/a  n/a "," none  unk "," straight ","A unk ",,,,
10,5,"SJ","R017.285"," div. hwy ","F","K","Z",3,3,"UI","R",1,"N",4,5/15/1996,1245,926508470," speeding ","cloudy","day","dry","normal","A"," rear-end ",2," car ","N"," on sr "," unk ",0,1,"V2 right lane "," n/a  n/a "," n/a  n/a "," n/a  n/a "," none  unk "," stopoped ","G unk ",1,,1,
10,5,"SJ","R017.285"," div. hwy ","F","K","Z",3,3,"UI","R",1,"N",4,5/15/1996,1245,926508470," speeding ","cloudy","day","dry","normal","A"," rear-end ",2," car ","N"," on sr "," unk ",0,0,"V1 right lane "," n/a  n/a "," n/a  n/a "," n/a  n/a "," inattention  unk "," slowing, stopping ","G unk ",,,,
10,5,"SJ","R017.285"," div. hwy ","F","K","Z",3,3,"UI","R",1,"N",6,5/24/1996,1100,926513338," other. viol. ","clear","day","dry","normal","A"," sideswipe ",2," pickup w/trailer ","N"," on sr "," unk ",0,0,"V2 right shoulder "," n/a  n/a "," n/a  n/a "," n/a  n/a "," none  unk "," stopoped ","A unk ",1,1,,
10,5,"SJ","R017.285"," div. hwy ","F","K","Z",3,3,"UI","R",1,"N",6,5/24/1996,1100,926513338," other. viol. ","clear","day","dry","normal","A"," sideswipe ",2," semi w/ trailer ","N"," on sr "," unk ",0,0,"V1 right lane "," n/a  n/a "," n/a  n/a "," n/a  n/a "," none  unk "," right turn ","A unk ",,,,
10,5,"SJ","R017.360"," div. hwy ","F","K","Z",3,3,"UI","H"," n/a ","N",7,1/27/1996,722,926509277," speeding ","rain","day","wet","normal","D"," hit object ",1," car ","N"," on sr "," unk ",0,1," over embankment  beyond shoulder drivers right "," rollover  beyond shoulder drivers right "," n/a  n/a "," n/a  n/a "," none  unk "," off road ","A unk ",1,,1,
10,5,"SJ","R018.680"," div. hwy ","F","K","Z",3,3,"UI","H"," n/a ","N",4,8/28/1996,1445,926505841," other. viol. ","clear","day","dry","normal","D"," sideswipe ",2," car ","N"," on sr "," unk ",0,1,"V2 right lane "," n/a  n/a "," n/a  n/a "," n/a  n/a "," none  unk "," straight ","A unk ",1,,1,
10,5,"SJ","R018.680"," div. hwy ","F","K","Z",3,3,"UI","H"," n/a ","N",4,8/28/1996,1445,926505841," other. viol. ","clear","day","dry","normal","D"," sideswipe ",2," semi w/ 2 trailers ","N"," on sr "," unk ",0,0,"V1 int. lanes "," n/a  n/a "," n/a  n/a "," n/a  n/a "," inattention  unk "," change lanes ","A unk ",,,,
10,5,"SJ","R018.980"," div. hwy ","F","K","Z",3,3,"UI","H"," n/a ","N",6,1/26/1996,1545,926505841," other. viol. ","clear","day","dry","normal","D"," sideswipe ",2," pickup ","N"," on sr "," unk ",0,0,"V2 int. lanes "," n/a  n/a "," n/a  n/a "," n/a  n/a "," none  unk "," straight ","A unk ",1,1,,
10,5,"SJ","R018.980"," div. hwy ","F","K","Z",3,3,"UI","H"," n/a ","N",6,1/26/1996,1545,926505841," other. viol. ","clear","day","dry","normal","D"," sideswipe ",2," pickup ","N"," on sr "," unk ",0,0,"V1 left lane "," n/a  n/a "," n/a  n/a "," n/a  n/a "," inattention  unk "," change lanes ","A unk ",,,,
10,5,"SJ","R019.020"," div. hwy ","F","K","Z",3,3,"UI","H"," n/a ","N",1,7/7/1996,935,926510313," other. viol. ","clear","day","dry","normal","D"," hit object ",2," car ","N"," on sr "," unk ",0,0," dike or curb  beyond shoulder drivers right "," n/a  n/a "," n/a  n/a "," n/a  n/a "," none  unk "," straight ","A unk ",1,1,,
10,5,"SJ","R019.020"," div. hwy ","F","K","Z",3,3,"UI","H"," n/a ","N",1,7/7/1996,935,926510313," other. viol. ","clear","day","dry","normal","D"," hit object ",2," pickup ","N"," on sr "," unk ",0,0," n/a  n/a "," n/a  n/a "," n/a  n/a "," n/a  n/a "," none  unk "," change lanes ","G unk ",,,,
10,5,"SJ","R019.280"," div. hwy ","F","K","Z",3,3,"UI","H"," n/a ","N",2,9/9/1996,1958,926513205," imp. turn ","clear","dark w/lights ","dry","normal","D"," hit object ",1," car ","N"," on sr "," unk ",0,0," dike or curb  beyond shoulder drivers right "," over embankment  beyond shoulder drivers right "," n/a  n/a "," n/a  n/a "," inattention  unk "," straight ","A unk ",1,1,,
10,5,"SJ","R019.550"," div. hwy ","F","K","Z",3,3,"UI","H"," n/a ","N",2,7/22/1996,15,926513258," speeding ","clear","dark","dry","normal","D"," hit object ",1," car ","N"," on sr "," unk ",0,0," dike or curb  beyond shoulder drivers right "," over embankment  beyond shoulder drivers right "," fence  beyond shoulder drivers right "," n/a  n/a "," none  unk "," off road ","A unk ",1,1,,
10,5,"SJ","R019.610"," div. hwy ","F","Q","G",3,3,"UI","H"," n/a ","N",4,8/14/1996,940,926513385," speeding ","clear","day","dry","normal","D"," hit object ",1," car ","N"," on sr "," unk ",0,0," oth. obj on rd  int. lanes "," n/a  n/a "," n/a  n/a "," n/a  n/a "," none  unk "," straight ","A unk ",1,1,,
10,5,"SJ","R019.630"," div. hwy ","F","J","Z",3,3,"UO","H"," n/a ","N",3,4/16/1996,1020,926509836," other. viol. ","cloudy","day","wet"," unk ","D"," sideswipe ",2," car ","N"," on sr "," unk ",0,0,"V2 left lane "," n/a  n/a "," n/a  n/a "," n/a  n/a "," other  unk "," change lanes ","G unk ",1,1,,
10,5,"SJ","R019.630"," div. hwy ","F","J","Z",3,3,"UO","H"," n/a ","N",3,4/16/1996,1020,926509836," other. viol. ","cloudy","day","wet"," unk ","D"," sideswipe ",2," car ","N"," on sr "," unk ",0,0,"V1 int. lanes "," n/a  n/a "," n/a  n/a "," n/a  n/a "," none  unk "," straight ","A unk ",,,,
10,5,"SJ","R020.060"," div. hwy ","F","J","Z",3,3,"UO","H"," n/a ","N",4,3/6/1996,1036,926505271," other. viol. ","clear","day","dry","normal","D"," other ",2," car ","N"," on sr "," unk ",0,1,"V3 left lane "," over embankment  beyond median or stripe left "," fence  beyond median or stripe left "," n/a  n/a "," none  unk "," straight ","A unk ",1,,1,
10,5,"SJ","R020.060"," div. hwy ","F","J","Z",3,3,"UO","H"," n/a ","N",4,3/6/1996,1036,926505271," other. viol. ","clear","day","dry","normal","D"," other ",2," semi ","N"," on sr "," unk ",0,0," n/a  n/a "," n/a  n/a "," n/a  n/a "," n/a  n/a "," none  unk "," straight ","G unk ",,,,
10,5,"SJ","R020.060"," div. hwy ","F","J","Z",3,3,"UO","H"," n/a ","N",4,3/6/1996,1036,926505271," other. viol. ","clear","day","dry","normal","D"," other ",2," spilled load "," unk "," on sr "," unk ",0,0,"V1 left lane "," n/a  n/a "," n/a  n/a "," n/a  n/a "," unk "," other "," unk ",,,,
10,5,"SJ","R020.080"," div. hwy ","F","J","Z",3,3,"UO","H"," n/a ","N",3,10/22/1996,1640,926513465," imp. turn ","clear","day","dry","normal","D"," roll-over ",1," car ","N"," on sr "," unk ",0,1," rollover  int. lanes "," n/a  n/a "," n/a  n/a "," n/a  n/a "," none  unk "," other ","A unk ",1,,1,
10,5,"SJ","R020.400"," div. hwy ","F","J","Z",3,3,"UO","H"," n/a ","N",1,2/18/1996,210,926512056," other. viol. ","cloudy","dark w/lights ","dry","normal","D"," rear-end ",2," car ","N"," on sr "," unk ",0,0,"V2 right lane "," n/a  n/a "," n/a  n/a "," n/a  n/a "," none  unk "," straight ","B unk ",1,1,,
10,5,"SJ","R020.400"," div. hwy ","F","J","Z",3,3,"UO","H"," n/a ","N",1,2/18/1996,210,926512056," other. viol. ","cloudy","dark w/lights ","dry","normal","D"," rear-end ",2," pickup ","N"," on sr "," unk ",0,0,"V1 right lane "," n/a  n/a "," n/a  n/a "," n/a  n/a "," none  unk "," change lanes ","G unk ",,,,
10,5,"SJ","R020.720"," div. hwy ","F","J","Z",3,3,"UO","H"," n/a ","N",5,2/22/1996,1825,926505841," sleeping ","clear","dark w/lights ","dry","normal","D"," hit object ",2," car ","N"," on sr "," unk ",0,0," cut slope or embankment  beyond shoulder drivers right ","V2 int. lanes "," guardrail  beyond shoulder drivers right "," n/a  n/a "," speeding  unk "," off road ","AI",1,1,,
10,5,"SJ","R020.720"," div. hwy ","F","J","Z",3,3,"UO","H"," n/a ","N",5,2/22/1996,1825,926505841," sleeping ","clear","dark w/lights ","dry","normal","D"," hit object ",2," car ","N"," on sr "," unk ",0,0," n/a  n/a ","V1 int. lanes "," n/a  n/a "," n/a  n/a "," none  unk "," straight ","A unk ",,,,
10,5,"SJ","R020.940"," div. hwy ","F","J","Z",3,3,"UO","H"," n/a ","N",2,6/10/1996,1445,926513122," speeding ","clear","day","dry","normal","D"," rear-end ",2," car ","N"," on sr "," unk ",0,0,"V2 int. lanes "," n/a  n/a "," n/a  n/a "," n/a  n/a "," none  unk "," slowing, stopping ","A unk ",1,1,,
10,5,"SJ","R020.940"," div. hwy ","F","J","Z",3,3,"UO","H"," n/a ","N",2,6/10/1996,1445,926513122," speeding ","clear","day","dry","normal","D"," rear-end ",2," car ","N"," on sr "," unk ",0,0,"V1 int. lanes "," n/a  n/a "," n/a  n/a "," n/a  n/a "," inattention  unk "," straight ","A unk ",,,,
10,5,"SJ","R020.940"," div. hwy ","F","J","Z",3,3,"UO","H"," n/a ","N",3,6/25/1996,420,926510215," imp. turn ","cloudy","dark w/lights ","dry","normal","D"," sideswipe ",2," car ","N"," on sr "," unk ",0,1,"V2 int. lanes "," n/a  n/a "," n/a  n/a "," n/a  n/a "," vision obscured  unk "," unsafe turn ","A unk ",1,,1,
10,5,"SJ","R020.940"," div. hwy ","F","J","Z",3,3,"UO","H"," n/a ","N",3,6/25/1996,420,926510215," imp. turn ","cloudy","dark w/lights ","dry","normal","D"," sideswipe ",2," semi w/ 2 trailers ","N"," on sr "," unk ",0,0,"V1 right lane "," n/a  n/a "," n/a  n/a "," n/a  n/a "," none  unk "," straight ","A unk ",,,,
10,5,"SJ","R021.304"," div. hwy ","F","J","Z",3,3,"UO","R",4,"N",5,10/31/1996,1610,926514182," no yield ","clear","day","dry","normal","A"," t-bone ",2," car ","N"," on sr "," unk ",0,0,"V2 right lane "," n/a  n/a "," n/a  n/a "," n/a  n/a "," none  unk "," straight ","A unk ",1,,1,
10,5,"SJ","R021.304"," div. hwy ","F","J","Z",3,3,"UO","R",4,"N",5,10/31/1996,1610,926514182," no yield ","clear","day","dry","normal","A"," t-bone ",2," car ","W"," not on sr "," unk ",0,1,"V1 right lane "," n/a  n/a "," n/a  n/a "," n/a  n/a "," none  unk "," straight ","A unk ",,,,
10,5,"SJ","R022.210"," div. hwy ","F","J","Z",3,3,"UO","H"," n/a ","N",5,8/22/1996,301,926513671," other. viol. ","clear","dark w/lights ","dry","normal","D"," rear-end ",2," car ","N"," on sr "," unk ",0,1,"V2 right lane "," n/a  n/a "," n/a  n/a "," n/a  n/a "," none  unk "," straight ","A unk ",1,,1,
10,5,"SJ","R022.210"," div. hwy ","F","J","Z",3,3,"UO","H"," n/a ","N",5,8/22/1996,301,926513671," other. viol. ","clear","dark w/lights ","dry","normal","D"," rear-end ",2," car ","N"," on sr "," unk ",0,1,"V1 right lane "," n/a  n/a "," n/a  n/a "," n/a  n/a "," none  unk "," change lanes ","A unk ",,,,
10,5,"SJ","R022.310"," div. hwy ","F","J","Z",3,3,"UO","H"," n/a ","N",2,1/29/1996,425,926512306," speeding ","clear","dark","dry","normal","D"," rear-end ",2," pickup ","N"," on sr "," unk ",0,0,"V2 int. lanes "," n/a  n/a "," n/a  n/a "," n/a  n/a "," none  unk "," straight ","G unk ",1,1,,
10,5,"SJ","R022.310"," div. hwy ","F","J","Z",3,3,"UO","H"," n/a ","N",2,1/29/1996,425,926512306," speeding ","clear","dark","dry","normal","D"," rear-end ",2," car ","N"," on sr "," unk ",0,0,"V1 int. lanes "," n/a  n/a "," n/a  n/a "," n/a  n/a "," none  unk "," straight ","A unk ",,,,
10,5,"SJ","R022.450"," div. hwy ","F","J","Z",3,3,"UO","H"," n/a ","N",6,9/6/1996,1635,926513595," imp. turn ","clear","day","dry"," obstr. in rd. ","D"," hit object ",2," car ","N"," on sr "," unk ",0,0," oth. obj on rd  left lane "," rollover beyond shoulder drivers left "," n/a  n/a "," n/a  n/a "," none  unk "," straight ","A unk ",1,1,,
10,5,"SJ","R022.450"," div. hwy ","F","J","Z",3,3,"UO","H"," n/a ","N",6,9/6/1996,1635,926513595," imp. turn ","clear","day","dry"," obstr. in rd. ","D"," hit object ",1," car ","N"," on sr "," unk ",0,0," n/a  n/a "," oth. obj on rd  left lane "," n/a  n/a "," n/a  n/a "," none  unk "," straight ","A unk ",,,,
,,,,,,,,,,,,,,,,,,,,,,,,,,,,,,,,,,,,,,,44,34,10,0
